Betting Place, API Yes/NO, API URL
Volcano, Yes, https://sportdataprovider.volcanobet.me/api/public/prematch/SportEvents?SportId=1&from=2022-02-04T23:00:00.000Z&to=2022-02-06T06:00:00.000Z&timezone=-60&clientType=WebConsumer&v=1.1.2113-rc.2&lang=sr-Latn-ME
Zlatnik, Yes, Matches - https://apis.zlatnik.me/SportOfferApi/api/sport/offer/v3/sports/offer?Offset=0&Limit=50&DateFrom=2022-02-03T18:57:00.400Z&SportIds=388&DateTo=2022-02-04T23:00:00.400Z, Odds - https://apis.zlatnik.me/SportOfferApi/api/sport/offer/v3/sports?OddsFilter=0
Admiral, No, /
Meridian, Yes, Matches - https://meridianbet.me/sails/sport-with-leagues/58/date/2022-02-03T20:26:07+01:00/filter/oneDay/filterPosition/0,0,0
Premier, No, Static - https://www.premierbet.me/static/rev/ae-32989512.json
MaxBet, Yes, Matches - https://www.maxbet.me/ibet/offer/leagues//24/2.json?v=4.38.1&locale=sr_ME&token=117827%23117683%23117709%23137588%23148566%23132134%23185898%23126605%23169337%23152565%23132125%23132230%23146768%23141348%23157439%23157440%23146491%23186311%23168173%23157458%23160175%23146650%23177588%23138547%23132379%23134715%23152568%23174109%23119606%23131843%23142836%23176580%23117751%23175249%23132231%23152556%23131946%23169380%23132462%23133866%23130522%23152524%23146161%23149958%23176581%23152558%23132128%23177149%23169547%23132791%23152559%23132737%23175171%23134088%23117696%23169371%23122647%23117710%23117651%23169437%23119607%23176090%23172071%23146813&ttgIds=
https://www.maxbet.me/ibet/offer/leagues//-1/0.json?v=4.38.1&locale=sr_ME&token=136866%23136867%23131947%23180457%23152506%23117827%23117683%23117689%23127203%23117709%23137588%23148566%23132134%23185898%23130702%23126605%23169337%23152565%23132125%23132138%23132230%23146768%23141348%23157439%23157440%23146491%23186311%23168173%23157458%23160175%23146650%23177588%23138547%23152566%23132379%23163729%23134715%23152568%23119676%23174109%23132340%23119606%23117668%23117669%23137386%23137387%23137388%23152349%23139667%23139668%23152350%23131843%23142836%23176580%23186453%23117861%23117751%23175249%23132231%23152556%23131946%23117755%23169380%23132131%23132462%23148109%23133866%23130522%23117863%23152524%23117690%23146161%23149958%23176581%23132139%23152558%23169438%23132459%23117808%23132128%23177149%23132191%23169547%23132791%23152559%23132736%23132737%23175171%23134088%23117696%23169371%23117675%23122647%23122648%23122649%23117710%23124463%23124586%23178186%23178211%23178193%23178194%23178202%23117691%23117651%23169437%23119607%23132133%23176090%23172071%23146813&ttgIds=
MaxBet, Yesm ,Sports and Leagues - https://www.maxbet.me/ibet/offer/sportsAndLeagues/24.json?v=4.38.1&locale=sr_ME
LVBet, Yes, https://app.lvbet.com/_api/v1/offer/matches/?is_live=false&sports_groups_ids=5&lang=en
LobBet, Yes, https://www.lobbet.me/ibet/offer/matches/today/S.json?v=4.36.7&locale=sr_ME&ttgIds=